City_ID,City,Lat,Lng,Max Temp,Humidity,Cloudiness,Wind Speed,Country,Date
0,ambon,-3.6954,128.1814,299.19,95,98,5.66,ID,1692652740
1,keflavik,64.0049,-22.5624,283.39,62,100,5.14,IS,1692652741
2,grenaa,56.4158,10.8783,290.15,79,51,4.7,DK,1692652744
3,mancora,-4.1078,-81.0475,298.62,68,88,6.3,PE,1692652748
4,prado,-17.3411,-39.2208,297.05,89,31,4.79,BR,1692652750
5,taixing,32.1667,120.0136,296.49,96,100,2.93,CN,1692652750
6,port mathurin,-19.6833,63.4167,296.22,81,0,5.48,MU,1692652516
7,aasiaat,68.7098,-52.8699,278.37,87,100,1.53,GL,1692652755
8,blackmans bay,-43.0167,147.3167,281.89,90,56,1.98,AU,1692652555
9,puerto ayora,-0.7393,-90.3518,302.13,85,83,4.47,EC,1692652482
10,bethel,41.3712,-73.414,303.35,68,0,2.57,US,1692652565
11,ribeira grande,38.5167,-28.7,294.14,70,9,3.13,PT,1692652683
12,vorgashor,67.5833,63.95,281.98,61,92,3.49,RU,1692652626
13,la rinconada,37.4873,-5.9826,307.17,35,0,4.12,ES,1692652760
14,port elizabeth,-33.918,25.5701,288.31,77,20,3.6,ZA,1692652761
15,stanley,54.868,-1.6985,290.21,78,0,5.14,GB,1692652544
16,ambalangoda,6.2355,80.0538,300.11,81,96,3.61,LK,1692652763
17,puerto natales,-51.7236,-72.4875,274.16,85,100,0.5,CL,1692652477
18,margaret river,-33.95,115.0667,286.54,61,100,4.66,AU,1692652480
19,esmeraldas,-19.7625,-44.3139,295.73,43,57,2.02,BR,1692652765
20,tawau,4.2498,117.8871,298.22,84,100,2.32,MY,1692652649
21,riverhead,40.917,-72.662,304.17,73,75,3.09,US,1692652768
22,edinburgh of the seven seas,-37.0676,-12.3116,285.94,74,100,2.43,SH,1692652489
23,saint-philippe,-21.3585,55.7679,291.92,85,9,2.72,RE,1692652771
24,portland,45.5234,-122.6762,302.33,42,40,4.12,US,1692652229
25,port-aux-francais,-49.35,70.2167,274.8,75,100,9.55,TF,1692652481
26,gaziantep,37.0594,37.3825,300.11,42,0,0.0,TR,1692652776
27,adamstown,-25.066,-130.1015,291.85,66,100,12.87,PN,1692652501
28,broken hill,-31.95,141.4333,286.37,56,55,5.02,AU,1692652777
29,iqaluit,63.7506,-68.5145,285.0,76,75,6.17,CA,1692652570
30,ushuaia,-54.8,-68.3,277.96,81,100,6.17,AR,1692652433
31,mount pleasant,32.7941,-79.8626,307.23,70,0,4.63,US,1692652516
32,grytviken,-54.2811,-36.5092,268.11,87,87,2.94,GS,1692652495
33,wanlaweyn,2.6185,44.8938,298.16,84,40,5.41,SO,1692652783
34,albany,42.6001,-73.9662,298.38,94,100,3.14,US,1692652457
35,nguigmi,14.2495,13.1092,302.71,54,67,2.33,NE,1692652785
36,wailua homesteads,22.0669,-159.378,301.59,80,100,5.14,US,1692652499
37,bardai,11.65,7.2333,298.08,71,34,1.99,NG,1692652788
38,chunskiy,56.0815,99.6342,286.77,75,100,0.69,RU,1692652789
39,avarua,-21.2078,-159.775,297.18,73,75,4.63,CK,1692652577
40,labrador city,52.9463,-66.9114,285.1,71,75,4.63,CA,1692652791
41,coquimbo,-29.9533,-71.3436,292.0,63,0,4.63,CL,1692652669
42,weno,7.4515,151.8468,300.12,94,75,0.0,FM,1692652793
43,segorbe,39.8138,-0.4521,299.83,50,0,1.4,ES,1692652794
44,isafjordur,66.0755,-23.124,278.96,91,100,6.66,IS,1692652585
45,gaigeturi,33.4644,126.3183,300.18,78,75,1.54,KR,1692652795
46,san luis de la loma,17.2706,-100.8939,304.22,70,84,3.08,MX,1692652535
47,pingliang,35.5392,106.6861,293.16,44,100,2.02,CN,1692652797
48,longyearbyen,78.2186,15.6401,279.06,87,75,2.57,SJ,1692652568
49,kuching,1.55,110.3333,300.38,95,40,1.54,MY,1692652538
50,lebu,-37.6167,-73.65,284.27,80,100,4.61,CL,1692652800
51,viru,-8.4167,-78.75,297.57,66,58,4.38,PE,1692652801
52,tippi,7.2,35.45,291.26,83,100,1.54,ET,1692652803
53,hermanus,-34.4187,19.2345,287.48,83,12,8.57,ZA,1692652530
54,klyuchi,52.2667,79.1667,288.32,68,5,2.75,RU,1692652721
55,olonkinbyen,70.9221,-8.7187,279.78,82,94,3.54,SJ,1692652588
56,truth or consequences,33.1284,-107.2528,308.66,21,20,6.69,US,1692652808
57,yellowknife,62.456,-114.3525,295.05,53,75,1.79,CA,1692652481
58,funafuti,-8.5243,179.1942,301.93,73,71,8.84,TV,1692652810
59,ust-nera,64.5667,143.2,278.74,98,100,3.33,RU,1692652542
60,marand,38.4329,45.7749,297.12,31,62,2.22,IR,1692652813
61,gadzhiyevo,69.2551,33.3362,282.01,90,100,4.27,RU,1692652815
62,port lincoln,-34.7333,135.8667,283.44,68,8,4.7,AU,1692652816
63,lagoa,39.05,-27.9833,293.77,69,5,6.28,PT,1692652817
64,mystic island,39.5443,-74.3824,305.38,68,40,3.6,US,1692652818
65,okhotsk,59.3833,143.3,287.97,90,100,3.11,RU,1692652820
66,palikir - national government center,6.9248,158.1611,300.56,89,100,0.0,FM,1692652823
67,nemuro,43.3236,145.575,291.36,99,100,3.13,JP,1692652519
68,dunedin,-45.8742,170.5036,279.71,81,78,1.8,NZ,1692652372
69,hawaiian paradise park,19.5933,-154.9731,299.88,87,100,6.69,US,1692652648
70,egilsstadir,65.2653,-14.3948,280.1,81,40,3.6,IS,1692652827
71,port alfred,-33.5906,26.891,286.58,84,33,0.89,ZA,1692652493
72,fort bragg,35.139,-79.006,310.06,40,40,3.09,US,1692652829
73,bijie,27.3125,105.2942,289.98,88,83,1.13,CN,1692652830
74,malakal,9.5334,31.6605,295.61,87,100,1.15,SS,1692652832
75,smithers,54.7804,-127.1743,297.33,31,40,3.6,CA,1692652833
76,coahuayana de hidalgo,18.7,-103.6583,304.78,69,100,2.55,MX,1692652651
77,hirara,24.8,125.2833,300.3,89,20,2.06,JP,1692652662
78,richards bay,-28.783,32.0377,293.14,81,3,7.73,ZA,1692652647
79,sitka,57.0531,-135.33,292.09,63,0,1.54,US,1692652520
80,udachny,66.4167,112.4,276.18,93,4,2.83,RU,1692652670
81,salinas,36.6777,-121.6555,299.06,81,100,5.66,US,1692652838
82,touros,-5.1989,-35.4608,298.65,79,10,5.73,BR,1692652839
83,micheweni,-4.9667,39.8333,297.44,87,3,4.07,TZ,1692652840
84,lethem,3.3803,-59.7968,305.18,62,20,4.12,GY,1692652842
85,tisnov,49.3487,16.4244,300.42,80,88,0.45,CZ,1692652843
86,lospalos,-8.5186,127.0025,292.52,84,12,2.39,TL,1692652844
87,kavieng,-2.5744,150.7967,299.92,82,97,3.49,PG,1692652845
88,east london,-33.0153,27.9116,288.79,70,60,3.3,ZA,1692652528
89,ambodifotatra,-16.9833,49.85,296.32,74,3,2.08,MG,1692652848
90,waitangi,-43.9535,-176.5597,283.61,97,100,4.92,NZ,1692652521
91,haiku-pauwela,20.9219,-156.3051,301.16,77,40,7.72,US,1692652850
92,berezovo,63.9381,65.0419,282.05,93,96,2.55,RU,1692652851
93,tuensang,26.2833,94.8333,294.84,99,100,0.47,IN,1692652853
94,san juan de la rambla,28.3928,-16.6502,303.36,66,58,3.63,ES,1692652854
95,pedernales,18.0384,-71.744,304.99,61,75,1.79,DO,1692652856
96,balsas,-7.5325,-46.0356,308.21,21,43,2.44,BR,1692652856
97,leeton,-34.5667,146.4,288.65,65,100,3.62,AU,1692652858
98,basoko,1.2391,23.616,297.11,84,89,1.02,CD,1692652860
99,nova vicosa,-17.8919,-39.3719,297.03,89,52,6.29,BR,1692652861
100,naujamiestis,55.6869,24.1523,288.11,92,0,4.3,LT,1692652862
101,pisco,-13.7,-76.2167,294.18,73,0,6.69,PE,1692652537
102,kismayo,-0.3582,42.5454,298.23,87,14,5.32,SO,1692652864
103,sotik post,-0.7813,35.3416,286.1,70,45,1.25,KE,1692652865
104,patterson,37.4716,-121.1297,301.3,30,37,3.11,US,1692652866
105,flying fish cove,-10.4217,105.6791,297.97,78,100,6.69,CX,1692652867
106,bilibino,68.0546,166.4372,279.87,68,100,1.47,RU,1692652620
107,lihue,21.9789,-159.3672,301.92,75,100,5.14,US,1692652539
108,thompson,55.7435,-97.8558,297.24,41,40,4.12,CA,1692652579
109,mersa matruh,31.3525,27.2453,299.15,76,0,3.05,EG,1692652871
110,port shepstone,-30.7414,30.455,291.08,74,0,3.14,ZA,1692652552
111,dryden,49.7833,-92.7503,293.31,56,100,2.06,CA,1692652605
112,colonia,50.9333,6.95,294.79,75,0,2.06,DE,1692652874
113,punta arenas,-53.15,-70.9167,276.21,93,100,1.54,CL,1692652652
114,muynoq,43.7683,59.0214,299.51,39,1,3.17,UZ,1692652876
115,walvis bay,-22.9575,14.5053,286.53,76,0,5.53,NA,1692652665
116,st. john's,47.5649,-52.7093,294.8,81,100,6.69,CA,1692652343
117,kone,-21.0595,164.8658,293.43,63,54,2.54,NC,1692652603
118,bushehr,28.9684,50.8385,304.2,70,4,0.0,IR,1692652809
119,kolonia town,6.964,158.206,301.15,89,100,0.0,FM,1692652881
120,tiksi,71.6872,128.8694,276.5,99,100,4.8,RU,1692652616
121,hamilton,39.1834,-84.5333,308.58,59,0,2.06,US,1692652486
122,tura,25.5198,90.2201,296.89,93,100,1.95,IN,1692652580
123,ta`u,-14.2336,-169.5144,300.03,70,78,9.44,AS,1692652885
124,bontang,0.1333,117.5,297.58,91,83,2.6,ID,1692652886
125,mar del plata,-38.0023,-57.5575,283.76,86,0,7.6,AR,1692652805
126,toccoa,34.5773,-83.3324,306.83,46,0,1.54,US,1692652888
127,paita,-5.0892,-81.1144,296.15,76,64,7.57,PE,1692652889
128,nuuk,64.1835,-51.7216,288.49,47,75,6.17,GL,1692652567
129,ilulissat,69.2167,-51.1,289.16,44,75,8.23,GL,1692652367
130,gulariya,28.2333,81.3333,298.96,92,100,3.96,NP,1692652892
131,palmer,42.1584,-72.3287,301.93,54,75,1.54,US,1692652694
132,gaiman,-43.2897,-65.4929,284.45,51,91,8.09,AR,1692652894
133,jamestown,42.097,-79.2353,300.11,70,40,4.12,US,1692652673
134,lerwick,60.1545,-1.1494,287.15,94,100,6.44,GB,1692652668
135,praia da vitoria,38.7333,-27.0667,294.68,73,40,5.37,PT,1692652582
136,kenai,60.5544,-151.2583,289.2,86,100,3.6,US,1692652665
137,queenstown,-31.8976,26.8753,284.52,40,6,2.45,ZA,1692652899
138,valparaiso,-33.0393,-71.6273,290.95,89,0,4.63,CL,1692652831
139,kiomboi,-4.2667,34.3667,293.58,37,22,2.54,TZ,1692652902
140,tucuma,-0.1833,-50.05,301.18,73,22,5.26,BR,1692652904
141,itaituba,-4.2761,-55.9836,309.24,46,40,2.57,BR,1692652467
142,mugia,43.1041,-9.2179,294.77,89,12,7.51,ES,1692652906
143,talas,38.6908,35.5538,294.52,46,0,2.57,TR,1692652907
144,acarau,-2.8856,-40.12,299.24,80,55,9.15,BR,1692652666
145,west island,-12.1568,96.8225,299.14,83,75,6.69,CC,1692652633
146,nchelenge,-9.3451,28.734,297.07,41,5,1.86,ZM,1692652910
147,papatowai,-46.5619,169.4708,278.7,73,41,1.98,NZ,1692652583
148,saint-francois,46.4154,3.9054,299.08,73,0,1.54,FR,1692652912
149,peniche,39.3558,-9.3811,294.88,87,39,6.57,PT,1692652913
150,turtas,58.9417,69.1325,284.51,85,100,2.14,RU,1692652914
151,warora,20.2333,79.0,297.01,92,100,1.97,IN,1692652915
152,lebyazh'ye,55.2689,66.4947,286.02,87,73,2.82,RU,1692652916
153,luderitz,-26.6481,15.1594,287.23,86,0,4.29,NA,1692652615
154,talara,-4.5772,-81.2719,298.57,73,40,6.79,PE,1692652918
155,anadyr,64.75,177.4833,285.43,71,0,7.0,RU,1692652593
156,heihe,50.2441,127.4902,289.47,98,100,5.57,CN,1692652919
157,constantia,44.1833,28.65,300.76,53,0,2.4,RO,1692652920
158,talnakh,69.4865,88.3972,285.49,91,100,1.21,RU,1692652536
159,fort st. john,56.2499,-120.8529,295.09,43,40,3.6,CA,1692652815
160,kabinda,-6.1333,24.4833,297.46,27,2,0.21,CD,1692652924
161,mildura,-34.2,142.15,283.75,89,72,6.4,AU,1692652925
162,kargasok,59.0556,80.8572,282.3,80,77,2.36,RU,1692652929
163,ust-tsilma,65.441,52.1498,279.36,96,100,0.77,RU,1692652931
164,portstewart,55.1813,-6.714,290.98,76,93,8.84,GB,1692652933
165,college,64.8569,-147.8028,286.52,91,75,6.17,US,1692652566
166,mount isa,-20.7333,139.5,283.02,50,8,1.54,AU,1692652937
167,nogliki,51.8333,143.1667,291.21,77,94,4.58,RU,1692652805
168,tolanaro,-25.0319,46.9987,293.19,94,75,5.14,MG,1692652939
169,bredasdorp,-34.5322,20.0403,284.16,74,8,5.03,ZA,1692652597
170,cabedelo,-6.9811,-34.8339,299.52,86,10,5.43,BR,1692652942
171,gorontalo,0.5412,123.0595,296.4,92,34,1.89,ID,1692652877
172,mammoth lakes,37.6485,-118.9721,290.26,54,40,5.66,US,1692652944
173,laramie,41.3114,-105.5911,305.36,10,0,5.14,US,1692652945
174,gorgoram,12.6398,10.7039,302.4,53,92,4.82,NG,1692652946
175,la democracia,14.2308,-90.9472,304.28,65,81,2.79,GT,1692652947
176,xai-xai,-25.0519,33.6442,296.41,62,0,4.67,MZ,1692652948
177,hammerfest,70.6634,23.6821,284.4,82,0,4.12,NO,1692652949
178,kotlas,61.2611,46.6556,282.49,81,100,2.77,RU,1692652950
179,asbest,57.0099,61.4578,282.15,86,7,2.48,RU,1692652951
180,arys,42.4252,68.795,299.93,21,61,3.44,KZ,1692652952
181,badger,64.8,-147.5333,286.47,90,100,6.17,US,1692652476
182,zvenigorod,55.7333,36.8475,287.33,75,85,0.95,RU,1692652954
183,newman,37.3138,-121.0208,303.28,30,23,3.05,US,1692652955
184,minas de marcona,-15.2119,-75.1103,292.81,53,20,4.63,PE,1692652956
185,carnarvon,-24.8667,113.6333,289.57,48,0,7.15,AU,1692652957
186,humahuaca,-23.2054,-65.3505,292.5,4,89,12.69,AR,1692652958
187,whitehorse,60.7161,-135.0538,294.87,43,75,1.54,CA,1692652631
188,novofedorivka,46.1713,32.3178,300.79,47,52,4.11,UA,1692652960
189,sint michiel liber,12.15,-68.9833,303.05,79,20,3.09,CW,1692652962
190,keetmanshoop,-26.5833,18.1333,285.66,26,0,1.54,NA,1692652962
191,ola,59.5833,151.2833,284.9,83,69,2.4,RU,1692652963
192,masterton,-40.9597,175.6575,283.09,79,95,3.37,NZ,1692652964
193,alaghsas,17.0187,8.0168,306.78,32,55,1.81,NE,1692652785
194,itoman,26.1247,127.6694,300.16,89,20,1.03,JP,1692652967
195,korla,41.7597,86.1469,299.91,30,62,4.23,CN,1692652710
196,pimentel,-6.8367,-79.9342,299.31,61,0,8.23,PE,1692652969
197,qamdo,31.1667,97.2333,277.58,86,71,1.66,CN,1692652970
198,fale old settlement,-9.3852,-171.2468,301.21,78,18,9.58,TK,1692652689
199,sarangani,5.4033,125.4636,300.27,75,100,3.67,PH,1692652972
200,georgetown,5.4112,100.3354,300.11,87,20,1.03,MY,1692652419
201,sainte-marie,-20.8968,55.5496,293.22,77,0,2.57,RE,1692652974
202,vershino-darasunskiy,52.35,115.5167,281.7,88,90,1.78,RU,1692652975
203,chonchi,-42.6128,-73.8092,280.99,82,23,3.76,CL,1692652687
204,sahagun,8.9462,-75.4427,303.69,81,100,4.54,CO,1692652977
205,dagumba-an,8.1531,124.5908,293.61,97,100,1.0,PH,1692652978
206,weinan,34.5036,109.5089,296.37,47,2,1.13,CN,1692652979
207,canico,32.6333,-16.85,298.5,78,20,1.03,PT,1692652980
208,hit,33.6416,42.8251,310.36,9,0,2.3,IQ,1692652981
209,tevriz,57.509,72.4042,284.14,96,100,4.17,RU,1692652981
210,port augusta,-32.5,137.7667,281.87,85,5,4.01,AU,1692652983
211,enriquillo,17.9,-71.2333,303.97,74,100,7.23,DO,1692652984
212,nar'yan-mar,67.6713,53.087,277.45,95,45,4.07,RU,1692652634
213,geraldton,-28.7667,114.6,278.38,93,2,3.09,AU,1692652515
214,chenaran,36.6455,59.1212,294.41,43,0,1.24,IR,1692652987
215,sao joao da barra,-21.6403,-41.0511,299.2,87,57,6.2,BR,1692652988
216,hinthada,17.6333,95.4667,298.84,91,100,3.23,MM,1692652989
217,axim,4.8699,-2.2405,297.41,93,76,2.98,GH,1692652991
218,qaqortoq,60.7167,-46.0333,283.04,85,11,3.15,GL,1692652679
219,umba,66.6871,34.3429,283.42,79,100,0.84,RU,1692652619
220,murzuq,25.9155,13.9184,305.89,17,0,4.16,LY,1692652993
221,saint-joseph,-21.3667,55.6167,292.3,82,7,3.1,RE,1692652994
222,invercargill,-46.4,168.35,276.49,93,15,1.34,NZ,1692652508
223,darwin,-12.4611,130.8418,294.14,78,20,2.57,AU,1692652799
224,tazacorte,28.629,-17.9293,298.69,78,29,3.6,ES,1692652997
225,turgen,43.4006,77.5933,290.22,35,0,2.96,KZ,1692652998
226,narvik,68.4384,17.4272,288.36,98,100,0.26,NO,1692652999
227,saipan,15.1355,145.701,302.4,100,0,0.45,MP,1692652722
228,kiunga,-6.1219,141.2906,295.45,89,100,1.02,PG,1692653001
229,lompoc,34.6391,-120.4579,300.89,68,20,9.83,US,1692652553
230,kazanskaya,45.4106,40.4361,297.26,24,2,0.67,RU,1692653003
231,pionerskiy,54.9508,20.2275,291.34,78,0,7.24,RU,1692653004
232,punta del este,-34.9667,-54.95,288.69,74,100,2.06,UY,1692653005
233,la sarre,48.8002,-79.1996,295.12,39,100,3.98,CA,1692653007
234,juticalpa,14.65,-86.2,309.23,52,95,1.6,HN,1692653009
235,lata,40.1629,-8.3327,293.06,65,66,0.69,PT,1692652518
236,motozintla,15.3667,-92.2333,296.38,79,89,1.11,MX,1692653011
237,balkh,36.75,67.0,303.43,17,0,5.77,AF,1692653013
238,chernigovka,44.3389,132.5728,297.83,85,100,6.87,RU,1692653016
239,hotan,37.0997,79.9269,299.97,18,3,0.72,CN,1692653017
240,cockburn town,21.4612,-71.1419,301.44,79,0,9.26,TC,1692653018
241,vila velha,-20.3297,-40.2925,296.12,94,40,5.14,BR,1692652533
242,kapuskasing,49.4169,-82.4331,296.2,49,75,3.6,CA,1692652532
243,maceio,-9.6658,-35.7353,297.84,94,100,3.09,BR,1692652373
244,hami,42.8,93.45,299.39,21,92,4.73,CN,1692653021
245,afaahiti,-17.75,-149.2833,299.08,67,83,4.18,PF,1692652677
246,lisala,2.15,21.5167,297.03,77,99,1.06,CD,1692653023
247,cozumel,20.5083,-86.9458,305.19,82,75,5.66,MX,1692653024
248,urengoy,65.9667,78.3667,280.79,66,59,0.99,RU,1692653025
249,susuman,62.7833,148.1667,278.22,96,100,2.02,RU,1692653025
250,penzance,50.1186,-5.5371,290.53,96,74,5.91,GB,1692653026
251,vadso,70.0744,29.7487,281.64,81,75,2.06,NO,1692653027
252,sapele,5.8941,5.6767,297.82,90,37,1.59,NG,1692653028
253,rio preto da eva,-2.6994,-59.6997,311.42,19,99,2.22,BR,1692653029
254,christchurch,-43.5333,172.6333,282.54,78,100,0.51,NZ,1692652770
255,popondetta,-8.7537,148.2534,296.14,78,85,0.99,PG,1692653031
256,kristiansund,63.1115,7.732,287.51,88,0,2.06,NO,1692653032
257,la passe,45.5549,-0.8967,303.28,66,4,5.54,FR,1692653034
258,sammichele di bari,40.8867,16.9478,299.19,75,0,6.17,IT,1692653034
259,gabu,12.2833,-14.2167,297.76,95,91,1.48,GW,1692653035
260,tulun,54.5611,100.5792,285.86,73,92,0.71,RU,1692653036
261,las khorey,11.1595,48.1967,305.48,58,61,1.58,SO,1692653038
262,wysokie mazowieckie,52.9166,22.5171,291.43,54,31,2.27,PL,1692653038
263,hithadhoo,-0.6,73.0833,301.06,74,100,4.06,MV,1692653039
264,mbarara,-0.608,30.65,294.2,48,87,0.87,UG,1692653040
265,savanna-la-mar,18.219,-78.1332,304.12,54,14,5.51,JM,1692653041
266,jaisalmer,26.9147,70.9181,304.82,50,42,8.17,IN,1692653042
267,kununurra,-15.7667,128.7333,285.14,82,12,0.0,AU,1692653044
268,tazovsky,67.4667,78.7,282.02,68,89,2.38,RU,1692652471
269,san patricio,28.017,-97.5169,311.57,31,70,8.19,US,1692652640
270,bengkulu,-3.8004,102.2655,296.7,92,17,3.45,ID,1692653047
271,inarajan village,13.2736,144.7484,302.81,97,40,1.52,GU,1692653048
272,yemetsk,63.4721,41.7941,281.86,91,100,2.67,RU,1692653049
273,borba,-4.3878,-59.5939,311.6,21,87,1.52,BR,1692653050
274,butterworth,5.3991,100.3638,300.17,87,20,1.03,MY,1692653051
275,shevchenko,48.5,35.0,296.88,59,0,3.15,UA,1692653051
276,siracusa,37.0881,15.2792,299.92,70,45,3.06,IT,1692653052
277,puerto vallarta,20.6204,-105.2307,305.1,70,75,2.57,MX,1692653053
278,akhalk'alak'i,41.4051,43.4863,285.52,86,45,1.29,GE,1692653054
279,harper,4.375,-7.7169,297.74,90,100,4.74,LR,1692653054
280,joaquin v. gonzalez,-25.0833,-64.1833,306.51,21,9,6.02,AR,1692653056
281,woodstock,43.1334,-80.7497,298.72,63,85,1.79,CA,1692653057
282,dudinka,69.4058,86.1778,285.72,96,100,1.71,RU,1692652594
283,ogdensburg,44.6942,-75.4863,296.11,49,0,1.54,US,1692652896
284,sinop,41.7711,34.8709,292.96,57,0,2.21,TR,1692653060
285,jinji,23.2281,110.8261,298.94,91,96,1.05,CN,1692653061
286,embi,48.8264,58.1442,296.24,33,6,2.2,KZ,1692653062
287,guerrero negro,27.9769,-114.0611,298.13,62,43,5.37,MX,1692652829
288,trenggalek,-8.05,111.7167,295.15,96,83,2.0,ID,1692653064
289,kudat,6.8837,116.8477,297.11,100,20,0.51,MY,1692653065
290,enewetak,11.3474,162.3373,301.97,74,100,6.32,MH,1692652609
291,huatusco,19.15,-96.95,294.39,93,79,1.38,MX,1692652863
292,mont-laurier,46.5501,-75.4993,292.94,45,100,3.1,CA,1692652871
293,usogorsk,63.4106,48.6872,280.29,97,100,2.76,RU,1692653070
294,new norfolk,-42.7826,147.0587,282.55,98,51,0.95,AU,1692652506
295,thinadhoo,0.5333,72.9333,301.2,76,97,4.71,MV,1692652884
296,mossel bay,-34.1831,22.146,285.53,72,3,4.56,ZA,1692653073
297,howrah,22.5892,88.3103,302.15,89,40,3.09,IN,1692653074
298,kodiak,57.79,-152.4072,285.88,88,100,2.06,US,1692652483
299,vilyuchinsk,52.9306,158.4028,288.3,80,100,3.5,RU,1692652717
300,olinda,-8.0089,-34.8553,300.0,78,75,3.6,BR,1692653076
301,san pedro pochutla,15.7333,-96.4667,306.32,53,93,3.51,MX,1692653077
302,lukhovitsy,54.9728,39.0361,286.22,68,3,1.4,RU,1692653078
303,dazhou,31.2159,107.5009,297.28,92,63,0.71,CN,1692653079
304,santa rita,-7.1139,-34.9781,299.52,83,75,4.12,BR,1692653080
305,selfoss,63.9331,-20.9971,282.62,63,99,4.07,IS,1692653081
306,hexham,54.9699,-2.104,291.18,82,35,5.49,GB,1692652892
307,la'ie,21.6477,-157.9253,305.13,81,6,5.27,US,1692652902
308,vila franca do campo,37.7167,-25.4333,295.38,84,47,3.28,PT,1692652523
309,chicoana,-25.1009,-65.5331,303.18,16,73,3.26,AR,1692653086
310,baganga,7.5739,126.56,298.29,87,99,1.28,PH,1692653086
311,talcahuano,-36.7167,-73.1167,285.97,82,100,2.57,CL,1692653087
312,moyynkum,44.2914,72.9469,299.14,23,65,3.71,KZ,1692653088
313,vizinga,61.0749,50.1031,280.99,95,100,2.93,RU,1692653089
314,murghob,38.1702,73.9667,287.22,51,81,2.55,TJ,1692653090
315,mil'kovo,55.6078,37.7956,289.29,67,46,1.5,RU,1692653092
316,iskateley,67.6803,53.1512,277.38,95,50,4.06,RU,1692652573
317,sur,22.5667,59.5289,302.3,65,77,4.92,OM,1692653095
318,rusape,-18.5278,32.1284,289.45,42,0,2.15,ZW,1692653095
319,rengasdengklok,-6.1592,107.2981,297.22,84,6,2.36,ID,1692653096
320,naifaru,5.4444,73.3657,301.16,76,59,5.18,MV,1692653097
321,katsuura,35.1333,140.3,300.06,91,87,3.23,JP,1692652557
322,mount gambier,-37.8333,140.7667,281.6,92,100,2.66,AU,1692653100
323,luau,-10.7073,22.2247,296.87,25,0,1.74,AO,1692653101
324,crane,31.3974,-102.3501,312.06,17,55,9.09,US,1692652714
325,vikindu,-7.0067,39.2985,294.81,95,5,2.43,TZ,1692653106
326,puerto baquerizo moreno,-0.9,-89.6,299.7,69,75,6.69,EC,1692652663
327,shanhaiguan,39.9988,119.7564,293.3,86,0,2.35,CN,1692653109
328,yeppoon,-23.1333,150.7333,287.03,79,74,2.51,AU,1692653112
329,ingeniero guillermo n. juarez,-23.9,-61.85,309.46,20,15,5.55,AR,1692653113
330,isangel,-19.55,169.2667,295.17,64,17,6.61,VU,1692653114
331,stephenville,32.2207,-98.2023,313.8,21,0,4.12,US,1692653115
332,fort mcmurray,56.7268,-111.381,297.92,38,0,3.6,CA,1692652878
333,zdvinsk,54.7021,78.661,284.22,86,27,3.09,RU,1692653117
334,san juan de miraflores,-12.1629,-76.9635,294.44,74,85,4.3,PE,1692653118
335,villa regina,-39.1,-67.0667,286.13,36,70,12.3,AR,1692653119
336,nyurba,63.2842,118.3319,279.04,81,21,2.02,RU,1692653120
337,giado,31.9582,12.0203,294.8,76,0,3.31,LY,1692653121
338,brookings,44.3114,-96.7984,306.34,70,0,5.66,US,1692653122
339,santiago de cao,-7.9589,-79.2392,296.22,78,83,5.14,PE,1692653123
340,langepas,61.2544,75.2124,284.39,79,100,2.21,RU,1692653124
341,lubang,13.8584,120.124,301.71,75,100,4.04,PH,1692653125
342,mathis,28.0945,-97.828,313.35,39,41,8.91,US,1692653126
343,diebougou,10.9667,-3.25,298.5,81,11,2.12,BF,1692653127
344,puerto carreno,6.189,-67.4859,301.14,83,40,3.09,CO,1692653129
345,abyek,36.0667,50.55,297.93,41,20,1.06,IR,1692653129
346,karratha,-20.7377,116.8463,292.76,66,0,3.82,AU,1692652707
347,bandar lampung,-5.4254,105.258,295.17,95,4,0.49,ID,1692653131
348,puerto armuelles,8.2833,-82.8667,300.14,87,100,1.79,PA,1692653132
349,silleda,42.696,-8.2465,292.65,84,18,1.09,ES,1692653134
350,aguas vermelhas,-15.7472,-41.46,295.18,71,87,1.78,BR,1692652981
351,kijang,35.2442,129.2139,298.0,82,0,1.84,KR,1692653135
352,bathurst,-33.4166,149.5806,279.16,86,100,0.8,AU,1692653136
353,smidovich,48.6,133.8167,292.13,99,100,5.0,RU,1692653137
354,gargalianoi,37.0667,21.6333,299.46,56,0,2.67,GR,1692653138
355,kaitong,44.8135,123.15,289.44,96,0,3.1,CN,1692653139
356,natal,-5.795,-35.2094,299.51,83,75,4.63,BR,1692652996
357,kavalerovo,44.2661,135.0572,294.11,99,100,1.21,RU,1692653141
358,santa quiteria do maranhao,-3.5156,-42.5467,303.52,58,97,4.93,BR,1692652947
359,anna regina,7.2644,-58.5077,301.71,74,98,5.28,GY,1692653143
360,san andres,12.5847,-81.7006,303.16,84,40,3.6,CO,1692653144
361,ocean shores,46.9737,-124.1563,297.25,73,0,7.72,US,1692653144
362,uturoa,-16.7333,-151.4333,297.78,65,65,5.41,PF,1692653145
363,banjarmasin,-3.3244,114.591,296.23,83,22,1.67,ID,1692653147
364,gumdag,39.2061,54.5906,299.43,55,0,2.79,TM,1692653148
365,nova sintra,14.8667,-24.7167,297.54,79,71,3.5,CV,1692652578
366,fada,9.5667,8.3,294.7,90,81,0.71,NG,1692653149
367,newport,51.5877,-2.9984,291.61,84,81,2.68,GB,1692653150
368,olyokminsk,60.3736,120.4264,281.48,89,19,1.01,RU,1692653151
369,dambulla,7.86,80.6517,297.11,89,100,3.16,LK,1692653152
370,hassi messaoud,31.6804,6.0729,307.07,20,0,2.57,DZ,1692653153
371,dom pedrito,-30.9828,-54.6731,291.01,87,1,2.8,BR,1692652976
372,orsta,62.2029,6.1272,289.25,88,20,0.0,NO,1692653154
373,rabaul,-4.1967,152.1721,298.69,83,100,2.88,PG,1692653156
374,spearfish,44.4908,-103.8594,312.19,52,0,5.14,US,1692653073
375,karaton,-6.3424,106.1045,294.86,94,10,0.79,ID,1692653158
376,eyl,7.9803,49.8164,298.46,85,52,8.37,SO,1692653159
377,uirauna,-6.5183,-38.4122,303.76,32,5,2.77,BR,1692653160
378,liwale,-9.7667,37.9333,293.56,78,0,2.36,TZ,1692653161
379,molteno,-31.3968,26.3625,282.27,44,6,4.54,ZA,1692653161
380,freeport,40.6576,-73.5832,305.47,59,75,6.17,US,1692653162
381,happy valley-goose bay,53.3168,-60.3315,291.32,59,75,5.66,CA,1692653164
382,xiazhen,34.8022,117.1117,295.84,96,1,2.6,CN,1692653164
383,zeya,53.75,127.2667,286.47,82,100,2.16,RU,1692653167
384,awjilah,29.1081,21.2869,305.19,27,0,2.62,LY,1692653168
385,serang,-6.1149,106.1502,297.13,86,9,1.51,ID,1692653169
386,kailua-kona,19.6406,-155.9956,303.86,71,40,3.6,US,1692653170
387,bac lieu,9.285,105.7244,299.31,85,26,3.63,VN,1692653171
388,trairi,-3.2778,-39.2689,298.77,84,79,5.9,BR,1692653172
389,piacabucu,-10.4056,-36.4344,297.49,86,43,3.17,BR,1692653174
390,souillac,-20.5167,57.5167,295.36,83,20,2.06,MU,1692653175
391,labytnangi,66.6572,66.4183,283.12,81,99,3.46,RU,1692653175
392,wewak,-3.5534,143.6268,297.74,89,94,3.08,PG,1692653177
393,rio grande,-32.035,-52.0986,290.21,84,44,4.95,BR,1692652641
394,wick,58.4333,-3.0833,290.18,77,92,6.17,GB,1692653179
395,sao vicente,-23.9631,-46.3919,300.25,78,0,0.0,BR,1692652667
396,dzhetygara,52.1908,61.2006,291.85,51,52,1.91,KZ,1692653180
397,cabo san lucas,22.8909,-109.9124,306.82,66,75,4.63,MX,1692653009
398,genhe,50.7833,121.5167,284.16,97,100,1.86,CN,1692653182
399,les cayes,18.2,-73.75,303.91,68,29,2.27,HT,1692653183
400,curuca,-0.7289,-47.8481,298.81,86,86,3.2,BR,1692653184
401,emkhomazi,-30.2067,30.7978,290.52,68,0,3.79,ZA,1692653185
402,paradip garh,20.3167,86.6167,301.05,86,96,5.58,IN,1692653186
403,contamana,-7.3333,-75.0167,312.1,24,51,1.49,PE,1692653187
404,juruti,-2.1522,-56.0922,308.86,29,29,2.79,BR,1692653189
405,lai,9.3952,16.2989,297.82,81,70,0.72,TD,1692653190
406,nouadhibou,20.931,-17.0347,301.14,65,20,5.14,MR,1692653191
407,at taj,24.2049,23.2857,302.46,25,0,4.76,LY,1692653193
408,likiep,9.8251,169.3107,301.09,72,54,2.77,MH,1692653194
409,cill airne,52.05,-9.5167,288.2,92,49,3.62,IE,1692653195
410,arraial do cabo,-22.9661,-42.0278,295.13,83,0,2.06,BR,1692653196
411,westport,41.1415,-73.3579,304.42,68,20,3.09,US,1692653197
412,fauske,67.2588,15.3918,287.17,99,100,1.66,NO,1692653198
413,sisimiut,66.9395,-53.6735,282.77,85,100,2.79,GL,1692653199
414,kerikeri,-35.2268,173.9474,285.32,91,91,0.89,NZ,1692653199
415,port pirie,-33.1833,138.0167,282.56,83,13,5.12,AU,1692653119
416,akureyri,65.6835,-18.0878,280.11,70,0,6.17,IS,1692653201
417,mogocha,53.7333,119.7667,282.14,97,96,1.76,RU,1692653202
418,kuanda,56.3161,116.0806,284.2,93,74,0.74,RU,1692653203
419,utrik,11.2278,169.8474,301.49,75,100,4.85,MH,1692653204
420,mutoko,-17.397,32.2268,290.48,39,10,1.61,ZW,1692653205
421,quchan,37.106,58.5095,292.58,46,0,2.02,IR,1692653205
422,turkmenbasy,40.0222,52.9552,294.58,78,0,0.0,TM,1692653206
423,freetown,8.484,-13.2299,298.43,89,100,2.83,SL,1692653207
424,sao gabriel da cachoeira,-0.1303,-67.0892,307.8,44,78,1.61,BR,1692653047
425,tisul',55.7611,88.3122,285.92,96,59,1.51,RU,1692653209
426,terenozek,45.05,64.9833,295.43,40,18,1.72,KZ,1692653210
427,trujillo,-8.116,-79.03,296.13,78,66,5.14,PE,1692653098
428,carmo do rio claro,-20.9719,-46.1189,295.76,40,2,2.8,BR,1692653211
429,balykshi,47.0667,51.8667,299.15,44,0,2.0,KZ,1692653212
430,kidal,18.4411,1.4078,304.15,40,100,3.57,ML,1692653213
431,tsiombe,-25.3,45.4833,292.27,87,7,3.98,MG,1692652664
432,timbuktu,16.7735,-3.0074,307.62,36,37,0.7,ML,1692653214
433,el calafate,-50.3408,-72.2768,274.5,94,100,0.27,AR,1692653216
434,jeremie,18.65,-74.1167,304.32,60,7,2.51,HT,1692653216
435,perryton,36.4,-100.8027,311.59,21,0,5.14,US,1692653217
436,pyu,18.4833,96.4333,297.64,98,100,1.63,MM,1692653218
437,juneau,58.3019,-134.4197,293.76,83,40,3.6,US,1692653219
438,manadhoo,5.7667,73.3833,301.07,77,55,5.17,MV,1692653220
439,aberdeen,57.1437,-2.0981,290.12,79,36,5.66,GB,1692652930
440,vavoua,7.3819,-6.4778,295.74,97,24,0.82,CI,1692653221
441,vega de alatorre,20.0333,-96.6333,302.23,71,41,6.45,MX,1692653224
442,yarmouth,41.7057,-70.2286,301.41,69,0,3.6,US,1692652675
443,tshabong,-26.05,22.45,285.96,18,0,4.24,BW,1692653226
444,camayenne,9.535,-13.6878,299.2,94,75,5.14,GN,1692653227
445,le port,-20.9373,55.2919,293.13,92,31,1.36,RE,1692653228
446,holualoa,19.6228,-155.9522,301.79,72,40,3.6,US,1692653229
447,ghardaia,32.4909,3.6735,305.79,17,0,2.57,DZ,1692653230
448,rongelap,11.1635,166.8941,300.95,73,63,2.05,MH,1692653231
449,urla,38.3229,26.764,304.37,53,2,3.98,TR,1692653232
450,namibe,-15.1961,12.1522,291.87,89,70,1.39,AO,1692653233
451,harpenden,51.8168,-0.3571,292.68,79,95,2.57,GB,1692653234
452,massenya,11.4039,16.1705,299.46,71,47,0.94,TD,1692653176
453,antsiranana,-12.2787,49.2917,295.76,76,4,6.36,MG,1692653235
454,codrington,-38.2667,141.9667,283.1,89,100,4.4,AU,1692653236
455,sanger,36.708,-119.556,305.44,49,0,5.14,US,1692653114
456,cole harbour,44.6724,-63.4751,293.81,91,100,1.54,CA,1692653238
457,san jose de jachal,-30.2406,-68.7469,298.63,6,0,16.76,AR,1692653239
458,tamiahua,21.2667,-97.45,304.65,57,16,6.47,MX,1692653240
459,urangan,-25.3,152.9,291.02,76,3,1.7,AU,1692653241
460,eureka,40.8021,-124.1637,296.86,76,100,4.47,US,1692653243
461,uyuni,-20.4597,-66.825,283.29,11,7,3.18,BO,1692653244
462,cartagena,10.3997,-75.5144,299.94,89,20,5.14,CO,1692653191
463,fuxin,42.0156,121.6589,291.17,96,22,2.09,CN,1692653246
464,sona,45.4388,10.8255,301.9,69,0,2.06,IT,1692653246
465,bovalino,38.149,16.174,301.12,65,95,3.19,IT,1692653248
466,mermoz boabab,14.7065,-17.4758,302.03,84,40,0.0,SN,1692653249
467,puerto deseado,-47.7503,-65.8938,280.48,83,100,4.96,AR,1692653250
468,northam,51.0333,-4.2167,291.09,93,75,5.13,GB,1692653251
469,borovichi,58.3878,33.9155,285.03,74,13,1.34,RU,1692653252
470,fuglafjordur,62.244,-6.814,285.41,98,96,9.67,FO,1692653253
471,hemsby,52.6971,1.6918,293.28,81,92,5.07,GB,1692653253
472,obigarm,38.7173,69.7088,293.2,25,0,1.67,TJ,1692653254
473,koyulhisar,40.3025,37.8311,290.66,90,0,1.09,TR,1692653255
474,aswan,24.0934,32.907,306.85,16,9,7.63,EG,1692653256
475,hadibu,12.65,54.0333,299.72,81,22,6.34,YE,1692653257
476,fortuna,40.5982,-124.1573,292.34,78,0,5.14,US,1692653258
477,san antonio de pale,-1.4014,5.6325,296.13,88,45,4.34,GQ,1692653259
478,inari,68.906,27.0288,280.26,83,93,1.64,FI,1692653260
479,castillos,-34.1667,-53.8333,286.18,76,98,3.26,UY,1692653261
480,tarasovskiy,48.7292,40.3636,295.8,57,51,3.68,RU,1692653263
481,namtsy,62.7161,129.6658,280.89,68,36,1.71,RU,1692653264
482,coronel suarez,-37.4547,-61.9334,284.22,81,100,3.35,AR,1692653265
483,motueka,-41.1333,173.0167,279.87,69,29,1.24,NZ,1692653266
484,kalmunai,7.4167,81.8167,299.69,79,99,4.21,LK,1692653267
485,zhigalovo,54.8097,105.1578,284.92,88,100,0.56,RU,1692653268
486,ouesso,1.6136,16.0517,297.18,86,91,1.01,CG,1692653269
487,tralee,52.2704,-9.7026,288.86,91,48,4.43,IE,1692653269
488,guastatoya,14.8539,-90.0647,302.11,72,82,1.86,GT,1692653270
489,ibi,38.6253,-0.5723,296.99,81,0,0.85,ES,1692653271
490,necochea,-38.5473,-58.7368,282.69,91,100,6.07,AR,1692653272
491,bomdila,27.25,92.4,289.38,100,100,0.83,IN,1692653273
492,mbanza kongo,-6.267,14.2401,295.7,75,3,3.23,AO,1692653274
493,palapye,-22.546,27.1251,295.56,20,0,1.53,BW,1692653274
494,falam,22.9167,93.6833,290.43,97,100,1.56,MM,1692653275
495,shingu,33.7333,135.9833,298.92,88,17,3.07,JP,1692653276
496,hobyo,5.3505,48.5268,298.26,88,59,8.57,SO,1692653277
497,muang khong,14.1167,105.85,296.8,99,100,1.33,LA,1692653278
498,porto novo,6.4965,2.6036,299.05,92,8,2.48,BJ,1692653278
499,taligaman,8.9044,125.6558,295.48,97,100,0.37,PH,1692653279
500,new plymouth,-39.0667,174.0833,281.1,79,10,3.52,NZ,1692653167
501,galesong,-5.3166,119.3661,292.16,61,9,2.32,ID,1692653281
502,pathein,16.7833,94.7333,299.21,88,100,1.9,MM,1692653283
503,muzaffarabad,34.37,73.4711,298.2,83,18,2.06,PK,1692653284
504,juan griego,11.0817,-63.9655,309.22,46,66,7.72,VE,1692653285
505,takoradi,4.8845,-1.7554,297.36,93,93,3.14,GH,1692653286
506,dzerzhinskoye,56.8344,95.2283,284.29,93,7,0.69,RU,1692653287
507,lillehammer,61.1146,10.4674,285.74,90,57,2.16,NO,1692652695
508,bosaso,11.2842,49.1816,306.77,44,95,7.73,SO,1692653289
509,akrehamn,59.2667,5.1833,288.94,88,75,4.12,NO,1692653289
510,cabinda,-5.55,12.2,297.23,88,100,3.09,AO,1692653290
511,kirensk,57.7853,108.1119,286.42,94,100,0.8,RU,1692653293
512,petropavlovsk-kamchatsky,53.0452,158.6483,287.48,100,0,3.0,RU,1692653295
513,vidyayevo,69.3191,32.8049,282.2,87,100,2.25,RU,1692653296
514,rabo de peixe,37.8,-25.5833,294.88,83,20,5.66,PT,1692653297
515,estevan,49.1334,-102.9842,288.26,88,100,6.17,CA,1692653236
516,yemva,62.59,50.8594,279.95,98,100,2.36,RU,1692653298
517,san antonio oeste,-40.7319,-64.9477,288.37,34,100,13.74,AR,1692653300
518,ambagarh chauki,20.7833,80.7167,296.73,96,99,2.63,IN,1692653300
519,birao,10.2849,22.7882,296.71,88,99,1.73,CF,1692653301
520,shanwei,22.782,115.3475,301.16,83,100,2.35,CN,1692653302
521,howard springs,-12.497,131.047,294.1,68,8,1.66,AU,1692653303
522,kletskaya,49.3145,43.0584,297.11,41,49,1.85,RU,1692653304
523,bukama,-9.2,25.85,300.02,27,3,0.85,CD,1692653305
524,kirakira,-10.4544,161.9205,299.8,86,96,6.84,SB,1692653306
525,novyy urengoy,66.0833,76.6333,285.25,56,100,2.47,RU,1692653075
526,mata-utu,-13.2816,-176.1745,301.02,70,2,7.98,WF,1692653308
527,ararat,39.8317,44.7049,299.34,43,14,2.11,AM,1692653309
528,lalmonirhat,25.9124,89.4473,301.17,77,100,2.84,BD,1692653310
529,ad dilam,23.9915,47.1627,309.38,19,63,2.85,SA,1692653311
530,soderhamn,61.3037,17.0592,286.46,67,100,1.68,SE,1692653312
531,corinto,37.9407,22.9573,303.65,37,0,3.66,GR,1692653313
532,khorixas,-20.3667,14.9667,290.98,19,3,1.68,NA,1692653314
533,thunder bay,48.4001,-89.3168,295.1,53,75,2.06,CA,1692653189
534,kashgar,39.4547,75.9797,301.71,24,40,3.0,CN,1692653315
535,kuta,-8.7233,115.1723,299.12,78,75,6.26,ID,1692653317
536,midvagur,62.0511,-7.1939,285.61,100,100,9.26,FO,1692653318
537,tual,-5.6667,132.75,298.46,84,42,9.41,ID,1692653319
538,priargunsk,50.3691,119.1012,288.04,60,100,2.33,RU,1692653320
539,nikolayevsk-on-amure,53.1406,140.73,292.21,68,100,0.99,RU,1692653321
540,prince rupert,54.3161,-130.3201,292.2,70,0,4.12,CA,1692653321
541,el alto,-4.2714,-81.2147,296.96,75,80,6.9,PE,1692653322
542,menongue,-14.6585,17.691,289.79,18,3,1.86,AO,1692653323
543,shache,38.4167,77.2406,302.43,18,75,3.5,CN,1692653324
544,acajutla,13.5928,-89.8275,303.24,70,47,2.91,SV,1692653326
545,yaguajay,22.3272,-79.2378,302.18,74,82,7.65,CU,1692653327
546,kingston,17.997,-76.7936,306.62,71,20,4.63,JM,1692653328
547,itupiranga,-5.1347,-49.3267,305.33,37,50,1.53,BR,1692653329
548,chibougamau,49.9168,-74.3659,292.94,40,100,6.17,CA,1692653330
549,wagar,16.1525,36.2032,303.26,56,100,8.7,SD,1692653331
550,mongagua,-24.0931,-46.6208,296.94,86,7,0.46,BR,1692653090
551,opuwo,-18.0607,13.84,292.9,22,1,1.87,NA,1692653332
552,laibin,23.7,109.2667,298.76,92,100,1.43,CN,1692653333
553,saldanha,-33.0117,17.9442,284.18,88,16,4.96,ZA,1692653334
554,tchintabaraden,15.8969,5.7985,306.71,37,33,3.98,NE,1692653335
555,kapa'a,22.0752,-159.319,302.33,81,100,5.14,US,1692653336
556,loppi,60.7167,24.45,288.57,99,90,1.11,FI,1692653337
557,kisesa,-3.0833,34.15,297.44,34,73,3.2,TZ,1692653338
558,khor,47.8861,134.9464,292.59,98,100,5.58,RU,1692653339
559,jumla,29.2747,82.1838,291.48,98,100,0.36,NP,1692653340
560,kota bharu,6.1333,102.2386,297.12,94,20,2.06,MY,1692653340
561,sierra grande,-41.606,-65.3557,285.41,34,27,12.17,AR,1692653341
562,ujae,8.9322,165.7642,301.75,70,100,6.54,MH,1692653343
563,havre,49.5833,0.3333,292.7,94,0,2.06,FR,1692653344
564,ayaviri,-14.8864,-70.5889,288.76,7,13,1.95,PE,1692653345
565,bol'sherech'ye,56.0925,74.6272,285.87,66,100,5.73,RU,1692653346
566,mejit,10.2753,170.8646,301.04,79,99,5.25,MH,1692653347
567,tutong,4.8,114.65,298.2,90,83,1.72,BN,1692653348
568,abaza,52.655,90.0928,284.98,96,71,1.54,RU,1692653349
569,pacific grove,36.6177,-121.9166,295.05,83,100,10.73,US,1692653350
570,machina,13.1364,10.0492,303.17,46,91,3.59,NG,1692653351
571,zemetchino,53.4973,42.6163,290.05,78,100,1.98,RU,1692653351
572,al farwaniyah,29.2775,47.9586,307.93,74,2,3.7,KW,1692653352
573,spring creek,40.7266,-115.5859,293.32,51,56,8.77,US,1692653353
574,liperi,62.5333,29.3667,284.41,100,0,0.0,FI,1692653354
575,la mana,-0.9333,-79.2167,301.17,73,93,0.29,EC,1692653355
576,yuzhno-kurilsk,44.0306,145.8556,291.13,98,100,3.46,RU,1692653356
577,aromashevo,56.8602,68.6375,285.48,97,99,1.45,RU,1692653358
578,hasaki,35.7333,140.8333,301.09,91,74,2.8,JP,1692653359
579,tsagan aman,47.5639,46.7218,301.48,26,76,3.41,RU,1692653360
580,riohacha,11.5444,-72.9072,303.21,84,20,5.14,CO,1692653361
581,santo tomas chautla,18.95,-98.15,297.86,50,84,1.55,MX,1692653363
582,sayaxche,16.5167,-90.1667,305.68,48,100,0.64,GT,1692653364
583,laguna,38.421,-121.4238,304.36,52,0,7.2,US,1692653261
584,moriki,12.8741,6.4875,301.07,62,60,1.02,NG,1692653366
585,aripuana,-9.1667,-60.6333,311.11,22,9,1.0,BR,1692653367
586,mitsukaido,36.0167,139.9833,303.63,88,47,1.73,JP,1692653367
587,atafu village,-8.5421,-172.5159,301.17,79,22,8.61,TK,1692653368
588,tutoia,-2.7619,-42.2744,299.48,83,54,7.12,BR,1692653369
589,suizhou,31.7111,113.3631,296.49,95,0,0.81,CN,1692653371
590,burang,30.25,81.1667,285.99,84,100,1.61,CN,1692653372
591,san juan,-31.5375,-68.5364,300.73,7,0,15.66,AR,1692653373
592,el tigre,8.8875,-64.2454,302.48,67,100,1.99,VE,1692653374
593,oppdal,62.5943,9.6912,284.95,93,100,0.87,NO,1692653375
594,oranjemund,-28.55,16.4333,286.17,95,14,1.22,NA,1692653376
